{"filesMd5":[{"page":"/mediator/index.js","md5":"54b027083640510ff59d835465dfc300"},{"page":"/pages/component/hradio/index.js","md5":"bbdc097a14f7f6fe0cc828243702f7b9"},{"page":"/pages/component/hslidercell/index.js","md5":"260d4c212d6e9bb8ce22529e0fad8011"},{"page":"/pages/component/zbutton/index.js","md5":"2de56333bca149a86822499d55554ded"},{"page":"/pages/component/zbuttons/index.js","md5":"b7ea5c826f9ed3a821bf1412eb2f5bfd"},{"page":"/pages/component/zcell/index.js","md5":"40d29c8c2963d0da9f3d6ee9c078311a"},{"page":"/pages/component/zinput/index.js","md5":"b0c4f58c164ad98fe3f8cedad564be7a"},{"page":"/pages/component/zslidercell/index.js","md5":"4c6543bd42d436d9ef32477e2e78f039"},{"page":"/pages/component/ztoolbar/index.js","md5":"d7d14d1d8df57b1e3be128e781eb15c8"},{"page":"/pages/component/zinputview/index.js","md5":"9fd258337298d10fec44373e94825696"},{"page":"/config/index.js","md5":"6253f98decdb98f35a625e532ebc2065"},{"page":"/pages/component/hcell/index.js","md5":"999ee859203f55c0f05a598bf103696a"},{"page":"/pages/component/index.js","md5":"d3adf287591be4863fbde37ebd07d8ae"},{"page":"/pages/component/znormalcell/index.js","md5":"1ab3798c07333e5872febd86a00c85e4"},{"page":"/pages/module/index.js","md5":"6d5670299a396081cb010d9dec8cba42"},{"page":"/assets/TabBar_Item1@2x.png","md5":"9f1edde3e3c493125aa1526aaf72e73d"},{"page":"/assets/TabBar_Item1_Selected@2x.png","md5":"d5e7609700d9a4f075e39b20fecbb9c3"},{"page":"/assets/TabBar_Item2@2x.png","md5":"6774d4074d376d716a5c9f447c6a3efd"},{"page":"/assets/TabBar_Item2_Selected@2x.png","md5":"e1ae4f456c18ccee39b3dd1fe7801994"},{"page":"/assets/TabBar_Item3@2x.png","md5":"c74d71c755710384145dc30922c21a3b"},{"page":"/assets/TabBar_Item3_Selected@2x.png","md5":"457d615a5c198b0148609f5eed84be70"},{"page":"/assets/cellright@3x.png","md5":"2206aa0f795fe3ca8b79bbc8dcd0bd39"},{"page":"/assets/demo.jpg","md5":"ad0a76ef138304056020d234c3217aeb"},{"page":"/assets/radio@3x.png","md5":"6b538f3f655003d0a780c4e39e66dc12"}],"android":"1.0.0","iOS":"1.0.0","appName":"test","jsVersion":"40329d4aac4b99c77783d4548bcdab7e","timestamp":1535104326540,"jsPath":"https://app.weex-eros.com/source"}
